Week of,Weekly U.S. Ending Stocks excluding SPR of Crude Oil and Petroleum Products (Thousand Barrels)
07/31/2026,1220730
07/24/2026,1218700
07/17/2026,1222403
07/10/2026,1210845
07/3/2026,1197586
06/26/2026,1201570
06/19/2026,1202320
06/12/2026,1202862
06/5/2026,1210738
05/29/2026,1216351
05/22/2026,1218920
05/15/2026,1227233
05/8/2026,1236254
05/1/2026,1241313
04/24/2026,1247188
04/17/2026,1264150
04/10/2026,1265944
04/3/2026,1274922
03/27/2026,1273599
03/20/2026,1275705
03/13/2026,1267371
03/6/2026,1266926
02/27/2026,1268887
02/20/2026,1265952
02/13/2026,1254773
02/6/2026,1273853
01/30/2026,1275572
01/23/2026,1300852
01/16/2026,1307633
01/9/2026,1300095
01/2/2026,1293885
12/26/2025,1285779
12/19/2025,1275623
12/12/2025,1274951
12/5/2025,1272812
11/28/2025,1275973
11/21/2025,1270749
11/14/2025,1269187
11/7/2025,1271902
10/31/2025,1269378
10/24/2025,1268745
10/17/2025,1284648
10/10/2025,1288820
10/3/2025,1287157
09/26/2025,1288387
09/19/2025,1281947
09/12/2025,1282421
09/5/2025,1281250
08/29/2025,1265820
08/22/2025,1258718
08/15/2025,1263112
08/8/2025,1267347
08/1/2025,1259825
07/25/2025,1257771
07/18/2025,1250684
07/11/2025,1255837
07/4/2025,1246491
06/27/2025,1240080
06/20/2025,1230719
06/13/2025,1234891
06/6/2025,1241500
05/30/2025,1235337
05/23/2025,1222411
05/16/2025,1223076
05/9/2025,1218145
05/2/2025,1213276
04/25/2025,1212112
04/18/2025,1207888
04/11/2025,1208625
04/4/2025,1210700
03/28/2025,1209457
03/21/2025,1204105
03/14/2025,1200913
03/7/2025,1199282
02/28/2025,1205239
02/21/2025,1209833
02/14/2025,1212051
02/7/2025,1211860
01/31/2025,1210642
01/24/2025,1213345
01/17/2025,1227228
01/10/2025,1231365
01/3/2025,1234807
12/27/2024,1229790
12/20/2024,1220473
12/13/2024,1233174
12/6/2024,1236386
11/29/2024,1237305
11/22/2024,1242014
11/15/2024,1243811
11/8/2024,1240763
11/1/2024,1247238
10/25/2024,1248367
10/18/2024,1257860
10/11/2024,1251958
10/4/2024,1258981
09/27/2024,1267077
09/20/2024,1267986
09/13/2024,1282568
09/6/2024,1279185
08/30/2024,1270219
08/23/2024,1278228
08/16/2024,1281282
08/9/2024,1287132
08/2/2024,1290235
07/26/2024,1289025
07/19/2024,1291466
07/12/2024,1296032
07/5/2024,1285625
06/28/2024,1283067
06/21/2024,1296025
06/14/2024,1287868
06/7/2024,1288101
05/31/2024,1276640
05/24/2024,1263184
05/17/2024,1250495
05/10/2024,1242999
05/3/2024,1239482
04/26/2024,1241612
04/19/2024,1233754
04/12/2024,1237522
04/5/2024,1227499
03/29/2024,1215090
03/22/2024,1217272
03/15/2024,1211947
03/8/2024,1218096
03/1/2024,1222823
02/23/2024,1228331
02/16/2024,1231489
02/9/2024,1232250
02/2/2024,1227063
01/26/2024,1231521
01/19/2024,1241118
01/12/2024,1263443
01/5/2024,1260669
12/29/2023,1251125
12/22/2023,1244238
12/15/2023,1262022
12/8/2023,1259317
12/1/2023,1269322
11/24/2023,1271035
11/17/2023,1268129
11/10/2023,1263666
11/3/2023,1263726
10/27/2023,1262562
10/20/2023,1265613
10/13/2023,1266106
10/6/2023,1277991
09/29/2023,1271687
09/22/2023,1267049
09/15/2023,1268542
09/8/2023,1265560
09/1/2023,1255151
08/25/2023,1254749
08/18/2023,1262779
08/11/2023,1265773
08/4/2023,1273170
07/28/2023,1266059
07/21/2023,1276498
07/14/2023,1276989
07/7/2023,1278137
06/30/2023,1261161
06/23/2023,1263927
06/16/2023,1269177
06/9/2023,1267854
06/2/2023,1255712
05/26/2023,1242914
05/19/2023,1231585
05/12/2023,1242352
05/5/2023,1234739
04/28/2023,1234256
04/21/2023,1233839
04/14/2023,1234232
04/7/2023,1234656
03/31/2023,1226250
03/24/2023,1237299
03/17/2023,1247987
03/10/2023,1258422
03/3/2023,1260348
02/24/2023,1258497
02/17/2023,1261479
02/10/2023,1258177
02/3/2023,1238968
01/27/2023,1235614
01/20/2023,1234017
01/13/2023,1230028
01/6/2023,1227649
12/30/2022,1205247
12/23/2022,1208371
12/16/2022,1219612
12/9/2022,1231168
12/2/2022,1217189
11/25/2022,1211316
11/18/2022,1220087
11/11/2022,1216746
11/4/2022,1223286
10/28/2022,1224099
10/21/2022,1224812
10/14/2022,1226465
10/7/2022,1228998
09/30/2022,1220965
09/23/2022,1230969
09/16/2022,1239862
09/9/2022,1230619
09/2/2022,1225148
08/26/2022,1213941
08/19/2022,1214131
08/12/2022,1212767
08/5/2022,1221926
07/29/2022,1208920
07/22/2022,1205394
07/15/2022,1208647
07/8/2022,1207511
07/1/2022,1185767
06/24/2022,1180641
06/17/2022,1174293
06/10/2022,1170567
06/3/2022,1165620
05/27/2022,1154669
05/20/2022,1154051
05/13/2022,1153395
05/6/2022,1156324
04/29/2022,1146435
04/22/2022,1143829
04/15/2022,1143106
04/8/2022,1151200
04/1/2022,1143836
03/25/2022,1138650
03/18/2022,1136815
03/11/2022,1143514
03/4/2022,1147098
02/25/2022,1155193
02/18/2022,1159130
02/11/2022,1160959
02/4/2022,1170849
01/28/2022,1178901
01/21/2022,1184688
01/14/2022,1188777
01/7/2022,1190269
12/31/2021,1194751
12/24/2021,1184586
12/17/2021,1203500
12/10/2021,1210489
12/3/2021,1226355
11/26/2021,1222155
11/19/2021,1217887
11/12/2021,1223865
11/5/2021,1232737
10/29/2021,1233922
10/22/2021,1233293
10/15/2021,1228907
10/8/2021,1238712
10/1/2021,1233792
09/24/2021,1232987
09/17/2021,1222058
09/10/2021,1224642
09/3/2021,1233425
08/27/2021,1243816
08/20/2021,1257435
08/13/2021,1262225
08/6/2021,1267521
07/30/2021,1267657
07/23/2021,1268826
07/16/2021,1275277
07/9/2021,1270853
07/2/2021,1268363
06/25/2021,1278275
06/18/2021,1282857
06/11/2021,1288664
06/4/2021,1293312
05/28/2021,1277845
05/21/2021,1275923
05/14/2021,1283590
05/7/2021,1283823
04/30/2021,1279938
04/23/2021,1285520
04/16/2021,1287145
04/9/2021,1283581
04/2/2021,1292633
03/26/2021,1290325
03/19/2021,1291672
03/12/2021,1286885
03/5/2021,1283298
02/26/2021,1281979
02/19/2021,1284767
02/12/2021,1298579
02/5/2021,1313632
01/29/2021,1324801
01/22/2021,1321882
01/15/2021,1333589
01/8/2021,1334270
01/1/2021,1343695
12/25/2020,1342040
12/18/2020,1356969
12/11/2020,1367643
12/4/2020,1373886
11/27/2020,1353960
11/20/2020,1353844
11/13/2020,1354914
11/6/2020,1365069
10/30/2020,1376547
10/23/2020,1391224
10/16/2020,1395103
10/9/2020,1402338
10/2/2020,1419134
09/25/2020,1421111
09/18/2020,1421684
09/11/2020,1429163
09/4/2020,1424862
08/28/2020,1428283
08/21/2020,1436037
08/14/2020,1443809
08/7/2020,1446420
07/31/2020,1452571
07/24/2020,1454680
07/17/2020,1461159
07/10/2020,1452344
07/3/2020,1461620
06/26/2020,1451779
06/19/2020,1450655
06/12/2020,1446723
06/5/2020,1439638
05/29/2020,1429929
05/22/2020,1414785
05/15/2020,1399920
05/8/2020,1394885
05/1/2020,1395429
04/24/2020,1377513
04/17/2020,1367104
04/10/2020,1341573
04/3/2020,1314332
03/27/2020,1281285
03/20/2020,1260286
03/13/2020,1257983
03/6/2020,1265513
02/28/2020,1273193
02/21/2020,1285009
02/14/2020,1286969
02/7/2020,1288042
01/31/2020,1289038
01/24/2020,1289749
01/17/2020,1288470
01/10/2020,1290164
01/3/2020,1275734
12/27/2019,1261072
12/20/2019,1264193
12/13/2019,1274640
12/6/2019,1275651
11/29/2019,1258490
11/22/2019,1263549
11/15/2019,1263559
11/8/2019,1268828
11/1/2019,1274794
10/25/2019,1270532
10/18/2019,1273084
10/11/2019,1282157
10/4/2019,1283980
09/27/2019,1292311
09/20/2019,1293239
09/13/2019,1292668
09/6/2019,1291893
08/30/2019,1294933
08/23/2019,1299927
08/16/2019,1311222
08/9/2019,1307338
08/2/2019,1304775
07/26/2019,1294383
07/19/2019,1304457
07/12/2019,1310905
07/5/2019,1298926
06/28/2019,1302493
06/21/2019,1299928
06/14/2019,1311841
06/7/2019,1312314
05/31/2019,1303043
05/24/2019,1280243
05/17/2019,1281538
05/10/2019,1264667
05/3/2019,1249867
04/26/2019,1251659
04/19/2019,1238616
04/12/2019,1229596
04/5/2019,1227037
03/29/2019,1222839
03/22/2019,1215839
03/15/2019,1215646
03/8/2019,1228139
03/1/2019,1238107
02/22/2019,1238530
02/15/2019,1256567
02/8/2019,1259376
02/1/2019,1253228
01/25/2019,1256500
01/18/2019,1261419
01/11/2019,1254962
01/4/2019,1250327
12/28/2018,1237084
12/21/2018,1222724
12/14/2018,1224926
12/7/2018,1235469
11/30/2018,1241438
11/23/2018,1250120
11/16/2018,1248229
11/9/2018,1248058
11/2/2018,1249700
10/26/2018,1245372
10/19/2018,1252199
10/12/2018,1260579
10/5/2018,1257958
09/28/2018,1246585
09/21/2018,1238955
09/14/2018,1234518
09/7/2018,1233913
08/31/2018,1223778
08/24/2018,1219898
08/17/2018,1221664
08/10/2018,1224349
08/3/2018,1207015
07/27/2018,1203825
07/20/2018,1193291
07/13/2018,1203204
07/6/2018,1197383
06/29/2018,1204580
06/22/2018,1201064
06/15/2018,1205465
06/8/2018,1205098
06/1/2018,1206800
05/25/2018,1191029
05/18/2018,1189471
05/11/2018,1182615
05/4/2018,1183243
04/27/2018,1184955
04/20/2018,1179589
04/13/2018,1178359
04/6/2018,1188756
03/30/2018,1182747
03/23/2018,1186589
03/16/2018,1188077
03/9/2018,1194701
03/2/2018,1199334
02/23/2018,1199259
02/16/2018,1195623
02/9/2018,1203593
02/2/2018,1206493
01/26/2018,1202142
01/19/2018,1200376
01/12/2018,1203488
01/5/2018,1217289
12/29/2017,1222737
12/22/2017,1221401
12/15/2017,1230309
12/8/2017,1244574
12/1/2017,1247038
11/24/2017,1249581
11/17/2017,1257120
11/10/2017,1257144
11/3/2017,1254436
10/27/2017,1263539
10/20/2017,1269180
10/13/2017,1281177
10/6/2017,1289708
09/29/2017,1291108
09/22/2017,1297413
09/15/2017,1302423
09/8/2017,1308786
09/1/2017,1306989
08/25/2017,1300534
08/18/2017,1301666
08/11/2017,1301666
08/4/2017,1308832
07/28/2017,1313557
07/21/2017,1312666
07/14/2017,1321814
07/7/2017,1332087
06/30/2017,1335894
06/23/2017,1349383
06/16/2017,1348545
06/9/2017,1350468
06/2/2017,1343664
05/26/2017,1327954
05/19/2017,1333099
05/12/2017,1336544
05/5/2017,1332286
04/28/2017,1336032
04/21/2017,1335003
04/14/2017,1328548
04/7/2017,1330350
03/31/2017,1334977
03/24/2017,1333887
03/17/2017,1337877
03/10/2017,1336547
03/3/2017,1344454
02/24/2017,1346694
02/17/2017,1346060
02/10/2017,1356807
02/3/2017,1345340
01/27/2017,1343633
01/20/2017,1338069
01/13/2017,1329108
01/6/2017,1330891
12/30/2016,1317260
12/23/2016,1311033
12/16/2016,1324122
12/9/2016,1336002
12/2/2016,1338118
11/25/2016,1336758
11/18/2016,1336700
11/11/2016,1337000
11/4/2016,1330107
10/28/2016,1337021
10/21/2016,1328257
10/14/2016,1337407
10/7/2016,1341228
09/30/2016,1315693
09/23/2016,1357504
09/16/2016,1357880
09/9/2016,1363947
09/2/2016,1357983
08/26/2016,1371845
08/19/2016,1367347
08/12/2016,1360648
08/5/2016,1359005
07/29/2016,1356301
07/22/2016,1354090
07/15/2016,1351173
07/8/2016,1348469
07/1/2016,1341271
06/24/2016,1337933
06/17/2016,1339096
06/10/2016,1333636
06/3/2016,1334079
05/27/2016,1329747
05/20/2016,1332379
05/13/2016,1333253
05/6/2016,1334025
04/29/2016,1335850
04/22/2016,1333690
04/15/2016,1328303
04/8/2016,1328711
04/1/2016,1322018
03/25/2016,1321574
03/18/2016,1320209
03/11/2016,1313377
03/4/2016,1311750
02/26/2016,1312140
02/19/2016,1302018
02/12/2016,1307078
02/5/2016,1303518
01/29/2016,1303094
01/22/2016,1293511
01/15/2016,1294608
01/8/2016,1288078
01/1/2016,1278051
12/25/2015,1269773
12/18/2015,1269935
12/11/2015,1275094
12/4/2015,1270276
11/27/2015,1273841
11/20/2015,1271706
11/13/2015,1269361
11/6/2015,1269121
10/30/2015,1266757
10/23/2015,1268660
10/16/2015,1272064
10/9/2015,1270600
10/2/2015,1267240
09/25/2015,1264708
09/18/2015,1261218
09/11/2015,1264248
09/4/2015,1255803
08/28/2015,1252526
08/21/2015,1246907
08/14/2015,1243962
08/7/2015,1243009
07/31/2015,1236992
07/24/2015,1237005
07/17/2015,1236879
07/10/2015,1233897
07/3/2015,1230939
06/26/2015,1220363
06/19/2015,1210028
06/12/2015,1216610
06/5/2015,1213870
05/29/2015,1213817
05/22/2015,1206389
05/15/2015,1204157
05/8/2015,1206646
05/1/2015,1212201
04/24/2015,1205988
04/17/2015,1198453
04/10/2015,1189307
04/3/2015,1182063
03/27/2015,1167195
03/20/2015,1163991
03/13/2015,1153514
03/6/2015,1146528
02/27/2015,1143418
02/20/2015,1141121
02/13/2015,1138901
02/6/2015,1139763
01/30/2015,1138099
01/23/2015,1125856
01/16/2015,1123888
01/9/2015,1121784
01/2/2015,1111801
12/26/2014,1106648
12/19/2014,1103824
12/12/2014,1097390
12/5/2014,1096205
11/28/2014,1088914
11/21/2014,1090051
11/14/2014,1094727
11/7/2014,1094691
10/31/2014,1100972
10/24/2014,1103401
10/17/2014,1111871
10/10/2014,1107479
10/3/2014,1106434
09/26/2014,1102727
09/19/2014,1108544
09/12/2014,1107620
09/5/2014,1102718
08/29/2014,1092964
08/22/2014,1091487
08/15/2014,1090065
08/8/2014,1090747
08/1/2014,1089228
07/25/2014,1097336
07/18/2014,1097829
07/11/2014,1092592
07/4/2014,1091366
06/27/2014,1086834
06/20/2014,1087274
06/13/2014,1082101
06/6/2014,1076058
05/30/2014,1070007
05/23/2014,1061212
05/16/2014,1058017
05/9/2014,1055940
05/2/2014,1052492
04/25/2014,1045072
04/18/2014,1037160
04/11/2014,1025138
04/4/2014,1010677
03/28/2014,1005298
03/21/2014,1006569
03/14/2014,1001111
03/7/2014,1001623
02/28/2014,1003492
02/21/2014,1001310
02/14/2014,1001808
02/7/2014,1004308
01/31/2014,1002474
01/24/2014,1007787
01/17/2014,1011556
01/10/2014,1015515
01/3/2014,1025775
12/27/2013,1023985
12/20/2013,1030603
12/13/2013,1043309
12/6/2013,1055906
11/29/2013,1061048
11/22/2013,1068135
11/15/2013,1069774
11/8/2013,1081508
11/1/2013,1087433
10/25/2013,1096218
10/18/2013,1102009
10/11/2013,1098310
10/4/2013,1098421
09/27/2013,1096767
09/20/2013,1091735
09/13/2013,1090254
09/6/2013,1096331
08/30/2013,1092643
08/23/2013,1090878
08/16/2013,1088711
08/9/2013,1091531
08/2/2013,1093386
07/26/2013,1092744
07/19/2013,1091128
07/12/2013,1093410
07/5/2013,1093620
06/28/2013,1100719
06/21/2013,1115384
06/14/2013,1106068
06/7/2013,1099306
05/31/2013,1086394
05/24/2013,1087570
05/17/2013,1077821
05/10/2013,1073593
05/3/2013,1070941
04/26/2013,1067330
04/19/2013,1054975
04/12/2013,1056915
04/5/2013,1054287
03/29/2013,1048801
03/22/2013,1048912
03/15/2013,1050823
03/8/2013,1052279
03/1/2013,1057861
02/22/2013,1060384
02/15/2013,1066279
02/8/2013,1067528
02/1/2013,1074891
01/25/2013,1075095
01/18/2013,1073122
01/11/2013,1075759
01/4/2013,1072323
12/28/2012,1061799
12/21/2012,1071822
12/14/2012,1068820
12/7/2012,1070765
11/30/2012,1065552
11/23/2012,1059620
11/16/2012,1061047
11/9/2012,1067257
11/2/2012,1071985
10/26/2012,1071486
10/19/2012,1071589
10/12/2012,1067619
10/5/2012,1070293
09/28/2012,1074819
09/21/2012,1077250
09/14/2012,1079917
09/7/2012,1068515
08/31/2012,1065745
08/24/2012,1075357
08/17/2012,1070695
08/10/2012,1073700
08/3/2012,1078282
07/27/2012,1079372
07/20/2012,1086595
07/13/2012,1076465
07/6/2012,1075035
06/29/2012,1072240
06/22/2012,1076315
06/15/2012,1073718
06/8/2012,1062637
06/1/2012,1061481
05/25/2012,1056348
05/18/2012,1050852
05/11/2012,1049795
05/4/2012,1046923
04/27/2012,1043752
04/20/2012,1041846
04/13/2012,1041865
04/6/2012,1044090
03/30/2012,1048243
03/23/2012,1035877
03/16/2012,1029557
03/9/2012,1028013
03/2/2012,1032456
02/24/2012,1033857
02/17/2012,1033319
02/10/2012,1030067
02/3/2012,1034037
01/27/2012,1029880
01/20/2012,1021826
01/13/2012,1026101
01/6/2012,1028164
12/30/2011,1021859
12/23/2011,1018458
12/16/2011,1015357
12/9/2011,1033526
12/2/2011,1031522
11/25/2011,1022191
11/18/2011,1014530
11/11/2011,1018429
11/4/2011,1027130
10/28/2011,1042691
10/21/2011,1040885
10/14/2011,1040185
10/7/2011,1051107
09/30/2011,1052618
09/23/2011,1057250
09/16/2011,1056138
09/9/2011,1061390
09/2/2011,1066011
08/26/2011,1070340
08/19/2011,1065994
08/12/2011,1062019
08/5/2011,1057473
07/29/2011,1065611
07/22/2011,1063055
07/15/2011,1051625
07/8/2011,1047827
07/1/2011,1043513
06/24/2011,1043020
06/17/2011,1043343
06/10/2011,1040248
06/3/2011,1040870
05/27/2011,1039179
05/20/2011,1031942
05/13/2011,1025181
05/6/2011,1025247
04/29/2011,1018973
04/22/2011,1011452
04/15/2011,1008543
04/8/2011,1015282
04/1/2011,1020233
03/25/2011,1020327
03/18/2011,1016998
03/11/2011,1017896
03/4/2011,1023018
02/25/2011,1029430
02/18/2011,1035959
02/11/2011,1048045
02/4/2011,1056430
01/28/2011,1053321
01/21/2011,1047782
01/14/2011,1045386
01/7/2011,1043022
12/31/2010,1042318
12/24/2010,1048644
12/17/2010,1057803
12/10/2010,1063806
12/3/2010,1079441
11/26/2010,1085070
11/19/2010,1085113
11/12/2010,1085370
11/5/2010,1094474
10/29/2010,1106559
10/22/2010,1112019
10/15/2010,1111433
10/8/2010,1113455
10/1/2010,1118129
09/24/2010,1118289
09/17/2010,1123403
09/10/2010,1120106
09/3/2010,1123024
08/27/2010,1122743
08/20/2010,1118706
08/13/2010,1109785
08/6/2010,1104448
07/30/2010,1104322
07/23/2010,1098220
07/16/2010,1089222
07/9/2010,1084093
07/2/2010,1080907
06/25/2010,1080628
06/18/2010,1077053
06/11/2010,1074374
06/4/2010,1069938
05/28/2010,1070231
05/21/2010,1072495
05/14/2010,1066661
05/7/2010,1065461
04/30/2010,1062064
04/23/2010,1052273
04/16/2010,1039380
04/9/2010,1028636
04/2/2010,1028921
03/26/2010,1021594
03/19/2010,1018388
03/12/2010,1018037
03/5/2010,1020480
02/26/2010,1025758
02/19/2010,1026108
02/12/2010,1024665
02/5/2010,1027082
01/29/2010,1025319
01/22/2010,1024548
01/15/2010,1030282
01/8/2010,1031862
01/1/2010,1028319
12/25/2009,1033280
12/18/2009,1041406
12/11/2009,1055550
12/4/2009,1068230
11/27/2009,1072485
11/20/2009,1067066
11/13/2009,1067941
11/6/2009,1072101
10/30/2009,1071131
10/23/2009,1079524
10/16/2009,1081130
10/9/2009,1085270
10/2/2009,1091072
09/25/2009,1087478
09/18/2009,1082867
09/11/2009,1074817
09/4/2009,1078090
08/28/2009,1083109
08/21/2009,1087571
08/14/2009,1090712
08/7/2009,1103509
07/31/2009,1102163
07/24/2009,1104921
07/17/2009,1099337
07/10/2009,1097480
07/3/2009,1095977
06/26/2009,1090644
06/19/2009,1086257
06/12/2009,1080943
06/5/2009,1082490
05/29/2009,1084218
05/22/2009,1069141
05/15/2009,1066938
05/8/2009,1067702
05/1/2009,1068948
04/24/2009,1060609
04/17/2009,1055185
04/10/2009,1043847
04/3/2009,1035682
03/27/2009,1033007
03/20/2009,1026592
03/13/2009,1023756
03/6/2009,1020705
02/27/2009,1018313
02/20/2009,1017280
02/13/2009,1020225
02/6/2009,1026413
01/30/2009,1023913
01/23/2009,1022490
01/16/2009,1018956
01/9/2009,1007165
01/2/2009,998875
12/26/2008,991842
12/19/2008,995980
12/12/2008,997569
12/5/2008,1000303
11/28/2008,993680
11/21/2008,994066
11/14/2008,984373
11/7/2008,981596
10/31/2008,980551
10/24/2008,975395
10/17/2008,968685
10/10/2008,959170
10/3/2008,947407
09/26/2008,927734
09/19/2008,927254
09/12/2008,945121
09/5/2008,957096
08/29/2008,972295
08/22/2008,975909
08/15/2008,973648
08/8/2008,965365
08/1/2008,970827
07/25/2008,968297
07/18/2008,965760
07/11/2008,963797
07/4/2008,956308
06/27/2008,959451
06/20/2008,957211
06/13/2008,951737
06/6/2008,951145
05/30/2008,950913
05/23/2008,950651
05/16/2008,960394
05/9/2008,960812
05/2/2008,955771
04/25/2008,950280
04/18/2008,941448
04/11/2008,940660
04/4/2008,948665
03/28/2008,957327
03/21/2008,955827
03/14/2008,962360
03/7/2008,965271
02/29/2008,958463
02/22/2008,962921
02/15/2008,960263
02/8/2008,963970
02/1/2008,963194
01/25/2008,953837
01/18/2008,954789
01/11/2008,952637
01/4/2008,949024
12/28/2007,956865
12/21/2007,964224
12/14/2007,974682
12/7/2007,983033
11/30/2007,984579
11/23/2007,988370
11/16/2007,990153
11/9/2007,997031
11/2/2007,996387
10/26/2007,997433
10/19/2007,998518
10/12/2007,1006364
10/5/2007,1003829
09/28/2007,1004348
09/21/2007,1003397
09/14/2007,999213
09/7/2007,1002077
08/31/2007,1005439
08/24/2007,1010856
08/17/2007,1013016
08/10/2007,1012505
08/3/2007,1017012
07/27/2007,1017134
07/20/2007,1017876
07/13/2007,1013136
07/6/2007,1011887
06/29/2007,1009446
06/22/2007,1001205
06/15/2007,1000643
06/8/2007,990761
06/1/2007,990094
05/25/2007,986323
05/18/2007,984585
05/11/2007,978207
05/4/2007,971286
04/27/2007,965015
04/20/2007,964854
04/13/2007,964973
04/6/2007,964749
03/30/2007,964836
03/23/2007,962188
03/16/2007,961792
03/9/2007,964702
03/2/2007,967267
02/23/2007,983158
02/16/2007,992035
02/9/2007,1003096
02/2/2007,1014388
01/26/2007,1024884
01/19/2007,1024581
01/12/2007,1023121
01/5/2007,1014066
12/29/2006,1007428
12/22/2006,1005628
12/15/2006,1012996
12/8/2006,1020926
12/1/2006,1028395
11/24/2006,1032765
11/17/2006,1040312
11/10/2006,1036437
11/3/2006,1045456
10/27/2006,1052230
10/20/2006,1055574
10/13/2006,1066918
10/6/2006,1072703
09/29/2006,1072459
09/22/2006,1068431
09/15/2006,1059272
09/8/2006,1055009
09/1/2006,1050565
08/25/2006,1048712
08/18/2006,1044701
08/11/2006,1040437
08/4/2006,1039279
07/28/2006,1041323
07/21/2006,1036182
07/14/2006,1033657
07/7/2006,1027014
06/30/2006,1028856
06/23/2006,1028588
06/16/2006,1028031
06/9/2006,1020183
06/2/2006,1013521
05/26/2006,1007034
05/19/2006,998914
05/12/2006,995307
05/5/2006,993516
04/28/2006,988051
04/21/2006,985856
04/14/2006,983056
04/7/2006,988906
03/31/2006,991682
03/24/2006,996303
03/17/2006,999605
03/10/2006,1005099
03/3/2006,1008137
02/24/2006,1007006
02/17/2006,1010956
02/10/2006,1013007
02/3/2006,1008844
01/27/2006,1006053
01/20/2006,1004201
01/13/2006,1000325
01/6/2006,995095
12/30/2005,993515
12/23/2005,995679
12/16/2005,1003025
12/9/2005,1010894
12/2/2005,1009606
11/25/2005,1003765
11/18/2005,1001592
11/11/2005,999984
11/4/2005,1001032
10/28/2005,989484
10/21/2005,987940
10/14/2005,988165
10/7/2005,981909
09/30/2005,988930
09/23/2005,998825
09/16/2005,996314
09/9/2005,989478
09/2/2005,993600
08/26/2005,1008473
08/19/2005,1006016
08/12/2005,1005580
08/5/2005,1008891
07/29/2005,1005508
07/22/2005,1000618
07/15/2005,1002886
07/8/2005,1000442
07/1/2005,999479
06/24/2005,997616
06/17/2005,988235
06/10/2005,985336
06/3/2005,982511
05/27/2005,982544
05/20/2005,975119
05/13/2005,971120
05/6/2005,962977
04/29/2005,956258
04/22/2005,951247
04/15/2005,944566
04/8/2005,945783
04/1/2005,939995
03/25/2005,936891
03/18/2005,931307
03/11/2005,931104
03/4/2005,936245
02/25/2005,934892
02/18/2005,934472
02/11/2005,935086
02/4/2005,936592
01/28/2005,941988
01/21/2005,945124
01/14/2005,947390
01/7/2005,944483
12/31/2004,949433
12/24/2004,951865
12/17/2004,958670
12/10/2004,959321
12/3/2004,962266
11/26/2004,956679
11/19/2004,950347
11/12/2004,948481
11/5/2004,950394
10/29/2004,947564
10/22/2004,943682
10/15/2004,942421
10/8/2004,945441
10/1/2004,946269
09/24/2004,946488
09/17/2004,945937
09/10/2004,958993
09/3/2004,962619
08/27/2004,962242
08/20/2004,963163
08/13/2004,961938
08/6/2004,960446
07/30/2004,962369
07/23/2004,959703
07/16/2004,952460
07/9/2004,950749
07/2/2004,950343
06/25/2004,944309
06/18/2004,940234
06/11/2004,935586
06/4/2004,930977
05/28/2004,927350
05/21/2004,918608
05/14/2004,917446
05/7/2004,913912
04/30/2004,911024
04/23/2004,902984
04/16/2004,896228
04/9/2004,891693
04/2/2004,896833
03/26/2004,902148
03/19/2004,896301
03/12/2004,890511
03/5/2004,888730
02/27/2004,881934
02/20/2004,879229
02/13/2004,883933
02/6/2004,885539
01/30/2004,896170
01/23/2004,898971
01/16/2004,910937
01/9/2004,911966
01/2/2004,915532
12/26/2003,912863
12/19/2003,917987
12/12/2003,921023
12/5/2003,932665
11/28/2003,936710
11/21/2003,935868
11/14/2003,942982
11/7/2003,944555
10/31/2003,949521
10/24/2003,952512
10/17/2003,949016
10/10/2003,949109
10/3/2003,950027
09/26/2003,947404
09/19/2003,942323
09/12/2003,933993
09/5/2003,923173
08/29/2003,918815
08/22/2003,913556
08/15/2003,916693
08/8/2003,915931
08/1/2003,920547
07/25/2003,914904
07/18/2003,912258
07/11/2003,914451
07/4/2003,909128
06/27/2003,908507
06/20/2003,912786
06/13/2003,913903
06/6/2003,907955
05/30/2003,905615
05/23/2003,896575
05/16/2003,895984
05/9/2003,888593
05/2/2003,889085
04/25/2003,889451
04/18/2003,882711
04/11/2003,871096
04/4/2003,868255
03/28/2003,875753
03/21/2003,870287
03/14/2003,865610
03/7/2003,868262
02/28/2003,878975
02/21/2003,881912
02/14/2003,889598
02/7/2003,896332
01/31/2003,902387
01/24/2003,919230
01/17/2003,928968
01/10/2003,935118
01/3/2003,936843
12/27/2002,938790
12/20/2002,954741
12/13/2002,960360
12/6/2002,965368
11/29/2002,960788
11/22/2002,959792
11/15/2002,964104
11/8/2002,962260
11/1/2002,967230
10/25/2002,962671
10/18/2002,965893
10/11/2002,963591
10/4/2002,965916
09/27/2002,978129
09/20/2002,986632
09/13/2002,988079
09/6/2002,993706
08/30/2002,990700
08/23/2002,996788
08/16/2002,997524
08/9/2002,996199
08/2/2002,1008745
07/26/2002,1012277
07/19/2002,1013823
07/12/2002,1016042
07/5/2002,1011612
06/28/2002,1014965
06/21/2002,1013228
06/14/2002,1014859
06/7/2002,1010164
05/31/2002,1008232
05/24/2002,1002270
05/17/2002,998755
05/10/2002,990651
05/3/2002,990056
04/26/2002,987844
04/19/2002,980795
04/12/2002,975820
04/5/2002,982188
03/29/2002,979847
03/22/2002,973361
03/15/2002,982530
03/8/2002,983285
03/1/2002,984631
02/22/2002,988046
02/15/2002,993719
02/8/2002,1000418
02/1/2002,1000514
01/25/2002,1001896
01/18/2002,1000547
01/11/2002,998574
01/4/2002,998780
12/28/2001,992919
12/21/2001,996084
12/14/2001,1003114
12/7/2001,1008484
11/30/2001,1012865
11/23/2001,1004733
11/16/2001,1003376
11/9/2001,1006026
11/2/2001,1007166
10/26/2001,1008399
10/19/2001,1009553
10/12/2001,1007961
10/5/2001,1010687
09/28/2001,1009959
09/21/2001,1004105
09/14/2001,990662
09/7/2001,990122
08/31/2001,984323
08/24/2001,986414
08/17/2001,987656
08/10/2001,994492
08/3/2001,1000970
07/27/2001,1001961
07/20/2001,1004959
07/13/2001,1004276
07/6/2001,997041
06/29/2001,996075
06/22/2001,998904
06/15/2001,996068
06/8/2001,984178
06/1/2001,983434
05/25/2001,968446
05/18/2001,959579
05/11/2001,953563
05/4/2001,945620
04/27/2001,942322
04/20/2001,923694
04/13/2001,918418
04/6/2001,910949
03/30/2001,907092
03/23/2001,909129
03/16/2001,901012
03/9/2001,902827
03/2/2001,898299
02/23/2001,902657
02/16/2001,899798
02/9/2001,907404
02/2/2001,907639
01/26/2001,906356
01/19/2001,908845
01/12/2001,906808
01/5/2001,911061
12/29/2000,914097
12/22/2000,924422
12/15/2000,931610
12/8/2000,928078
12/1/2000,938138
11/24/2000,932263
11/17/2000,932352
11/10/2000,932146
11/3/2000,928979
10/27/2000,931606
10/20/2000,937058
10/13/2000,937775
10/6/2000,949250
09/29/2000,944109
09/22/2000,938971
09/15/2000,938934
09/8/2000,945995
09/1/2000,947768
08/25/2000,942714
08/18/2000,943634
08/11/2000,942669
08/4/2000,942288
07/28/2000,940466
07/21/2000,949070
07/14/2000,942910
07/7/2000,943557
06/30/2000,936838
06/23/2000,936255
06/16/2000,930063
06/9/2000,934568
06/2/2000,930705
05/26/2000,923020
05/19/2000,922234
05/12/2000,916788
05/5/2000,912206
04/28/2000,906042
04/21/2000,900051
04/14/2000,891893
04/7/2000,889073
03/31/2000,883385
03/24/2000,879853
03/17/2000,880769
03/10/2000,879956
03/3/2000,886418
02/25/2000,878771
02/18/2000,879418
02/11/2000,884554
02/4/2000,891665
01/28/2000,896962
01/21/2000,910723
01/14/2000,918976
01/7/2000,921341
12/31/1999,927748
12/24/1999,940797
12/17/1999,953903
12/10/1999,958861
12/3/1999,972293
11/26/1999,978241
11/19/1999,982237
11/12/1999,992651
11/5/1999,1000645
10/29/1999,1009930
10/22/1999,1012104
10/15/1999,1020225
10/8/1999,1022713
10/1/1999,1030155
09/24/1999,1030614
09/17/1999,1031895
09/10/1999,1030157
09/3/1999,1034843
08/27/1999,1040635
08/20/1999,1040552
08/13/1999,1044749
08/6/1999,1047706
07/30/1999,1051663
07/23/1999,1053521
07/16/1999,1059356
07/9/1999,1058057
07/2/1999,1049421
06/25/1999,1051888
06/18/1999,1053277
06/11/1999,1057154
06/4/1999,1055888
05/28/1999,1055919
05/21/1999,1052787
05/14/1999,1052088
05/7/1999,1040286
04/30/1999,1037458
04/23/1999,1031010
04/16/1999,1030475
04/9/1999,1036615
04/2/1999,1020734
03/26/1999,1017763
03/19/1999,1021163
03/12/1999,1025273
03/5/1999,1029571
02/26/1999,1031231
02/19/1999,1042731
02/12/1999,1039886
02/5/1999,1044179
01/29/1999,1043855
01/22/1999,1043485
01/15/1999,1048817
01/8/1999,1049240
01/1/1999,1042908
12/25/1998,1059408
12/18/1998,1065780
12/11/1998,1072004
12/4/1998,1066451
11/27/1998,1059383
11/20/1998,1066577
11/13/1998,1064341
11/6/1998,1069802
10/30/1998,1066636
10/23/1998,1066409
10/16/1998,1065527
10/9/1998,1067182
10/2/1998,1074172
09/25/1998,1077049
09/18/1998,1072610
09/11/1998,1076851
09/4/1998,1074512
08/28/1998,1079767
08/21/1998,1080879
08/14/1998,1087482
08/7/1998,1083330
07/31/1998,1084522
07/24/1998,1078028
07/17/1998,1067396
07/10/1998,1058363
07/3/1998,1056508
06/26/1998,1061425
06/19/1998,1057338
06/12/1998,1053289
06/5/1998,1051361
05/29/1998,1052879
05/22/1998,1043985
05/15/1998,1037708
05/8/1998,1028238
05/1/1998,1018761
04/24/1998,1006542
04/17/1998,1003049
04/10/1998,994019
04/3/1998,984675
03/27/1998,985844
03/20/1998,982601
03/13/1998,973165
03/6/1998,978943
02/27/1998,984467
02/20/1998,986525
02/13/1998,987149
02/6/1998,994409
01/30/1998,992509
01/23/1998,994467
01/16/1998,995417
01/9/1998,987051
01/2/1998,984217
12/26/1997,984363
12/19/1997,989818
12/12/1997,1000341
12/5/1997,1000748
11/28/1997,1006668
11/21/1997,1003214
11/14/1997,1004384
11/7/1997,1003594
10/31/1997,1010992
10/24/1997,1006126
10/17/1997,1003365
10/10/1997,1004343
10/3/1997,1003834
09/26/1997,998693
09/19/1997,996369
09/12/1997,993122
09/5/1997,983738
08/29/1997,978947
08/22/1997,978939
08/15/1997,977579
08/8/1997,977552
08/1/1997,973114
07/25/1997,964843
07/18/1997,976481
07/11/1997,979173
07/4/1997,979295
06/27/1997,972936
06/20/1997,976981
06/13/1997,975500
06/6/1997,971833
05/30/1997,964144
05/23/1997,942478
05/16/1997,933099
05/9/1997,932428
05/2/1997,920862
04/25/1997,932636
04/18/1997,926085
04/11/1997,924576
04/4/1997,916012
03/28/1997,914606
03/21/1997,911834
03/14/1997,913345
03/7/1997,915461
02/28/1997,906813
02/21/1997,905517
02/14/1997,911079
02/7/1997,910484
01/31/1997,911146
01/24/1997,911038
01/17/1997,909609
01/10/1997,917827
01/3/1997,912902
12/27/1996,908724
12/20/1996,906873
12/13/1996,921080
12/6/1996,932937
11/29/1996,929174
11/22/1996,924833
11/15/1996,930282
11/8/1996,936934
11/1/1996,948287
10/25/1996,936766
10/18/1996,940483
10/11/1996,940691
10/4/1996,947319
09/27/1996,948722
09/20/1996,948919
09/13/1996,944891
09/6/1996,945687
08/30/1996,947250
08/23/1996,948814
08/16/1996,938869
08/9/1996,935031
08/2/1996,935124
07/26/1996,938419
07/19/1996,944073
07/12/1996,946936
07/5/1996,945138
06/28/1996,939283
06/21/1996,937200
06/14/1996,935539
06/7/1996,933252
05/31/1996,928731
05/24/1996,911907
05/17/1996,913649
05/10/1996,912946
05/3/1996,911821
04/26/1996,901582
04/19/1996,894645
04/12/1996,892281
04/5/1996,884561
03/29/1996,886598
03/22/1996,886222
03/15/1996,893928
03/8/1996,905042
03/1/1996,901067
02/23/1996,906505
02/16/1996,912568
02/9/1996,927649
02/2/1996,943984
01/26/1996,950819
01/19/1996,957409
01/12/1996,953816
01/5/1996,955175
12/29/1995,961968
12/22/1995,970115
12/15/1995,986733
12/8/1995,985811
12/1/1995,995012
11/24/1995,1000394
11/17/1995,992765
11/10/1995,986008
11/3/1995,995729
10/27/1995,996324
10/20/1995,1002249
10/13/1995,1005058
10/6/1995,1007590
09/29/1995,1015620
09/22/1995,1008785
09/15/1995,1007889
09/8/1995,1006632
09/1/1995,1010297
08/25/1995,995693
08/18/1995,994435
08/11/1995,1003807
08/4/1995,1000165
07/28/1995,1005347
07/21/1995,1010498
07/14/1995,1016166
07/7/1995,1010077
06/30/1995,1005353
06/23/1995,1002168
06/16/1995,1009579
06/9/1995,1007105
06/2/1995,1005547
05/26/1995,1003169
05/19/1995,992322
05/12/1995,993896
05/5/1995,989712
04/28/1995,989164
04/21/1995,994666
04/14/1995,989215
04/7/1995,991633
03/31/1995,998284
03/24/1995,997725
03/17/1995,993588
03/10/1995,994785
03/3/1995,997970
02/24/1995,994038
02/17/1995,1005809
02/10/1995,1007846
02/3/1995,1018721
01/27/1995,1018773
01/20/1995,1022771
01/13/1995,1031289
01/6/1995,1031406
12/30/1994,1029548
12/23/1994,1039788
12/16/1994,1052374
12/9/1994,1053054
12/2/1994,1064797
11/25/1994,1054421
11/18/1994,1053812
11/11/1994,1055746
11/4/1994,1056886
10/28/1994,1060133
10/21/1994,1060434
10/14/1994,1066277
10/7/1994,1070372
09/30/1994,1068985
09/23/1994,1060366
09/16/1994,1056386
09/9/1994,1051625
09/2/1994,1043303
08/26/1994,1042220
08/19/1994,1036598
08/12/1994,1033979
08/5/1994,1030418
07/29/1994,1030276
07/22/1994,1029298
07/15/1994,1022604
07/8/1994,1015131
07/1/1994,1009363
06/24/1994,1002321
06/17/1994,998839
06/10/1994,997369
06/3/1994,997148
05/27/1994,989259
05/20/1994,991174
05/13/1994,992034
05/6/1994,983759
04/29/1994,979774
04/22/1994,983924
04/15/1994,977238
04/8/1994,970134
04/1/1994,973629
03/25/1994,995732
03/18/1994,1005120
03/11/1994,996804
03/4/1994,999587
02/25/1994,999336
02/18/1994,1008431
02/11/1994,1009412
02/4/1994,1020338
01/28/1994,1022402
01/21/1994,1035294
01/14/1994,1049713
01/7/1994,1052401
12/31/1993,1065992
12/24/1993,1073010
12/17/1993,1073501
12/10/1993,1079414
12/3/1993,1078583
11/26/1993,1067113
11/19/1993,1061483
11/12/1993,1069430
11/5/1993,1064738
10/29/1993,1068926
10/22/1993,1062607
10/15/1993,1054386
10/8/1993,1063395
10/1/1993,1057882
09/24/1993,1056881
09/17/1993,1064474
09/10/1993,1064706
09/3/1993,1063295
08/27/1993,1063265
08/20/1993,1057497
08/13/1993,1066945
08/6/1993,1070273
07/30/1993,1069552
07/23/1993,1066328
07/16/1993,1070428
07/9/1993,1064318
07/2/1993,1050228
06/25/1993,1056760
06/18/1993,1043794
06/11/1993,1031283
06/4/1993,1033494
05/28/1993,1019988
05/21/1993,1003142
05/14/1993,999933
05/7/1993,995574
04/30/1993,1001847
04/23/1993,1001722
04/16/1993,997069
04/9/1993,1006099
04/2/1993,994975
03/26/1993,983794
03/19/1993,979169
03/12/1993,998843
03/5/1993,994085
02/26/1993,999858
02/19/1993,1002994
02/12/1993,1017125
02/5/1993,1010055
01/29/1993,1016486
01/22/1993,1024322
01/15/1993,1027978
01/8/1993,1017925
01/1/1993,1016078
12/25/1992,1017853
12/18/1992,1042070
12/11/1992,1051993
12/4/1992,1053084
11/27/1992,1053654
11/20/1992,1049483
11/13/1992,1047675
11/6/1992,1054676
10/30/1992,1052862
10/23/1992,1054998
10/16/1992,1046409
10/9/1992,1044104
10/2/1992,1045871
09/25/1992,1044946
09/18/1992,1042791
09/11/1992,1036065
09/4/1992,1028077
08/28/1992,1028054
08/21/1992,1041586
08/14/1992,1034798
08/7/1992,1036067
07/31/1992,1038546
07/24/1992,1029838
07/17/1992,1027403
07/10/1992,1033882
07/3/1992,1028015
06/26/1992,1023803
06/19/1992,1017251
06/12/1992,1022485
06/5/1992,1010204
05/29/1992,1003498
05/22/1992,993600
05/15/1992,993599
05/8/1992,987401
05/1/1992,985153
04/24/1992,987409
04/17/1992,990053
04/10/1992,982424
04/3/1992,982898
03/27/1992,988630
03/20/1992,1001320
03/13/1992,1001487
03/6/1992,1005530
02/28/1992,1009200
02/21/1992,996328
02/14/1992,997860
02/7/1992,1006390
01/31/1992,1015725
01/24/1992,1029214
01/17/1992,1037551
01/10/1992,1041664
01/3/1992,1042440
12/27/1991,1036177
12/20/1991,1045154
12/13/1991,1056136
12/6/1991,1059296
11/29/1991,1054719
11/22/1991,1053842
11/15/1991,1055156
11/8/1991,1052724
11/1/1991,1057216
10/25/1991,1065198
10/18/1991,1066457
10/11/1991,1077918
10/4/1991,1077191
09/27/1991,1079958
09/20/1991,1079280
09/13/1991,1072777
09/6/1991,1073242
08/30/1991,1076411
08/23/1991,1069745
08/16/1991,1056705
08/9/1991,1056717
08/2/1991,1055981
07/26/1991,1052759
07/19/1991,1050214
07/12/1991,1048036
07/5/1991,1041915
06/28/1991,1042635
06/21/1991,1043797
06/14/1991,1043130
06/7/1991,1035306
05/31/1991,1030237
05/24/1991,1011949
05/17/1991,1000578
05/10/1991,991698
05/3/1991,983180
04/26/1991,980979
04/19/1991,969526
04/12/1991,967443
04/5/1991,962808
03/29/1991,967127
03/22/1991,974757
03/15/1991,979144
03/8/1991,982108
03/1/1991,987670
02/22/1991,997069
02/15/1991,996098
02/8/1991,991365
02/1/1991,992089
01/25/1991,995322
01/18/1991,997267
01/11/1991,1006734
01/4/1991,1014451
12/28/1990,1028176
12/21/1990,1039671
12/14/1990,1051147
12/7/1990,1053049
11/30/1990,1064982
11/23/1990,1064458
11/16/1990,1064285
11/9/1990,1077463
11/2/1990,1080252
10/26/1990,1079612
10/19/1990,1076105
10/12/1990,1084519
10/5/1990,1093180
09/28/1990,1098462
09/21/1990,1107920
09/14/1990,1106268
09/7/1990,1103207
08/31/1990,1093853
08/24/1990,1093287
08/17/1990,1090799
08/10/1990,1086473
08/3/1990,1099217
07/27/1990,1103760
07/20/1990,1095244
07/13/1990,1093138
07/6/1990,1084142
06/29/1990,1079161
06/22/1990,1078157
06/15/1990,1079877
06/8/1990,1076090
06/1/1990,1073856
05/25/1990,1058657
05/18/1990,1047606
05/11/1990,1033465
05/4/1990,1035614
04/27/1990,1034678
04/20/1990,1022754
04/13/1990,1027447
04/6/1990,1026553
03/30/1990,1026232
03/23/1990,1028171
03/16/1990,1025649
03/9/1990,1033756
03/2/1990,1037097
02/23/1990,1032660
02/16/1990,1052636
02/9/1990,1053257
02/2/1990,1050719
01/26/1990,1032697
01/19/1990,1019846
01/12/1990,1013190
01/5/1990,1004329